FBG1,FBG2,FBG3,Strain,Temperature,Combined_Target
0.374540119,0.950714306,0.731993942,7.367186504,5.814632074,1.2999306296449513
0.598658484,0.15601864,0.15599452,2.507046086,1.877921621,-1.3803084366822502
0.058083612,0.866176146,0.601115012,5.788627653,4.699857499,0.46301053618115995
0.708072578,0.020584494,0.969909852,6.190852328,5.000925161,0.6797529087989311
0.832442641,0.212339111,0.181824967,3.332221848,2.447430466,-0.945530522497577
0.18340451,0.304242243,0.524756432,3.92944296,3.118174958,-0.5778187800001363
0.431945019,0.29122914,0.611852895,4.759914218,3.83125966,-0.11154748649010438
0.139493861,0.292144649,0.366361843,3.00156973,2.192176376,-1.1252970379316583
0.456069984,0.785175961,0.199673782,4.08841324,3.49155682,-0.43997065291548326
0.514234438,0.592414569,0.046450413,3.078829928,2.340217608,-1.0651588188147891
0.607544852,0.170524124,0.065051593,1.948982889,1.482500719,-1.6764526659952972
0.948885537,0.965632033,0.808397348,8.701386886,6.902263346,2.037128482566435
0.304613769,0.097672114,0.684233027,4.171173094,3.258643795,-0.4558618142760592
0.440152494,0.122038235,0.49517691,3.83357308,2.810487218,-0.677877198243952
0.034388521,0.909320402,0.258779982,4.027711817,3.289101618,-0.504890998593315
0.662522284,0.311711076,0.520068021,5.013890674,4.048659115,0.030909573313566897
0.546710279,0.184854456,0.969584628,6.442326918,5.107952101,0.7986042970730562
0.775132823,0.939498942,0.89482735,8.672163428,7.108531001,2.068181829976467
0.597899979,0.921874235,0.088492502,4.292232729,3.595553703,-0.3401028992792176
0.195982862,0.045227289,0.325330331,2.277880407,1.721470358,-1.5007027889929216
0.38867729,0.271349032,0.828737509,5.719499403,4.568594205,0.409447453529934
0.356753327,0.28093451,0.542696083,4.214961869,3.288721221,-0.43281945696355784
0.140924225,0.802196981,0.074550644,3.077194433,2.660174119,-1.0001535313666254
0.986886937,0.772244769,0.198715682,5.334264862,4.386524719,0.22366270383805648
0.005522117,0.815461428,0.706857344,6.10345512,4.706100253,0.5855977721052886
0.729007168,0.771270347,0.074044652,4.286898558,3.215462367,-0.42012965808816216
0.358465729,0.11586906,0.863103426,5.3440789,4.251803911,0.19980771312410156
0.623298127,0.330898025,0.06355835,2.424477311,1.919971874,-1.4034969910721153
0.310982322,0.325183322,0.729606178,5.204198985,4.248453056,0.1452230001311249
0.637557471,0.887212743,0.472214925,6.323855847,4.990400544,0.7288416718969684
0.119594246,0.713244787,0.760785049,6.086472204,5.222149138,0.6849156580141398
0.561277198,0.77096718,0.493795596,5.808718825,4.863570991,0.5043358660682262
0.522732829,0.427541018,0.025419127,2.489563136,1.9758857,-1.3669485925799778
0.107891427,0.031429186,0.636410411,3.487257232,2.888750376,-0.7952618328637213
0.314355981,0.508570691,0.907566474,6.695536105,5.483816638,0.9732730400986809
0.249292229,0.410382923,0.755551139,5.431639387,4.365705457,0.25691138004343284
0.228798165,0.07697991,0.289751453,2.114253254,1.61303111,-1.585995279190116
0.161221287,0.929697652,0.80812038,7.059714115,5.806371886,1.1797635351831783
0.633403757,0.87146059,0.803672077,7.988569509,6.42960903,1.6655121446958374
0.186570059,0.892558998,0.539342242,5.851053256,4.682527592,0.48350879679589714
0.807440155,0.8960913,0.318003475,5.708552799,4.565702734,0.4046364498480354
0.110051925,0.227935163,0.427107789,2.946497194,2.363064503,-1.11146134474641
0.818014766,0.860730583,0.006952131,4.103329009,3.399259843,-0.4531571191400634
0.510747303,0.417411003,0.22210781,3.319264274,2.690513143,-0.9006575591881785
0.119865367,0.337615171,0.942909704,5.958780971,4.992729013,0.5886518270459604
0.323202932,0.518790622,0.703018959,5.572908002,4.455257994,0.3297144758130851
0.363629602,0.971782083,0.962447295,8.362655946,6.875247714,1.9010696453355092
0.251782296,0.497248506,0.30087831,3.399305921,2.973219259,-0.8118226370673532
0.284840494,0.036886947,0.609564334,3.748890234,3.18488042,-0.6337039281923434
0.502679023,0.051478751,0.278646464,2.559961055,1.956861528,-1.3437260672097682
0.908265886,0.239561891,0.144894872,3.187518049,2.590025989,-0.9720346828357778
0.48945276,0.985650454,0.242055272,5.163815328,4.223502397,0.12454437184176734
0.672135547,0.761619615,0.237637544,4.762649652,3.882350709,-0.10001274134000034
0.728216349,0.367783133,0.632305831,5.694145737,4.531121157,0.39199122521776064
0.633529711,0.535774684,0.09028977,3.493177533,2.694487895,-0.8328314260640453
0.835302496,0.320780065,0.18651851,3.699583843,2.547753339,-0.783401661960808
0.040775142,0.590892943,0.677564362,5.112092798,4.316859467,0.12376624032315439
0.016587829,0.512093058,0.226495775,2.784906951,2.22371528,-1.2023098223883086
0.64517279,0.174366429,0.690937738,5.349273214,4.145178721,0.17993618869807865
0.386735346,0.936729989,0.137520944,4.156439051,3.676697987,-0.3757799158039995
0.341066351,0.113473521,0.924693618,5.727899122,4.426564401,0.38354815168390904
0.877339353,0.257941628,0.659984046,5.982217012,4.560491685,0.5090133973629105
0.8172222,0.555200812,0.529650578,5.836045246,4.931592973,0.5288189878951508
0.241852291,0.093102768,0.897215758,5.157341393,4.101192257,0.09695934807075879
0.900418057,0.633101457,0.339029791,5.497055588,4.234488365,0.25519928317731294
0.349209575,0.725955679,0.89711026,7.388987017,5.912442057,1.3283952279992262
0.887086424,0.779875546,0.642031646,7.379105344,5.932518534,1.3287061693123352
0.084139965,0.161628714,0.898554189,5.179995937,4.145278738,0.11473224500175827
0.60642906,0.009197052,0.101471543,1.786876581,1.209259855,-1.7949663463451506
0.663501769,0.005061584,0.160808051,2.013581334,1.597921963,-1.627884786276242
0.548733789,0.691895198,0.65196126,6.53769124,5.099948273,0.8337073606412386
0.224269309,0.712179221,0.237249087,3.88828072,3.058126263,-0.6059973706082038
0.325399698,0.746491405,0.649632899,6.115499033,4.995444022,0.6495940330602676
0.84922341,0.657612892,0.568308603,6.50848082,5.232922335,0.8497303794556876
0.093674768,0.367715803,0.265202368,2.463398033,1.943009955,-1.3837743920470948
0.243989643,0.973010555,0.393097725,5.42392505,4.477295849,0.2768304660086016
0.892046555,0.631138626,0.794811304,7.70877125,6.120418497,1.4942757480810025
0.502637093,0.576903885,0.492517694,5.192355207,4.304739331,0.15220595089979977
0.195242988,0.722452115,0.280772362,4.07413947,3.266504052,-0.4916375308681192
0.024315966,0.645472296,0.177110679,2.837194495,2.468729703,-1.1319008968213633
0.940458584,0.953928577,0.91486439,9.373485443,7.501621411,2.419047237927314
0.3701587,0.015456617,0.928318563,5.326313629,4.441776418,0.23193326491467903
0.428184148,0.966654819,0.963619977,8.572077424,6.965618242,2.000300616347486
0.853009455,0.294448892,0.385097729,4.497418804,3.546235803,-0.27115937957073527
0.851136672,0.316922005,0.169492747,3.523033884,2.974224479,-0.7639426354862227
0.556801262,0.936154774,0.696029797,7.365263138,6.048611728,1.3471878165645157
0.57006117,0.097176494,0.615007227,4.493540695,3.615436338,-0.2584579514040396
0.99005385,0.140084015,0.518329652,5.074612725,3.780978981,-0.0006050838086889554
0.877373072,0.740768618,0.697015741,7.418454278,5.827213355,1.322265593960335
0.702484084,0.359491151,0.293591844,3.790743133,3.156092929,-0.6234829583990625
0.809361155,0.810113395,0.867072319,8.559382478,6.722166614,1.945467759051142
0.913240553,0.511342399,0.501516295,6.006235183,4.592869748,0.5249098656624361
0.798295179,0.649963931,0.701966877,6.927090267,5.644318374,1.0954186108480959
0.795792669,0.890005342,0.337995157,6.020547929,4.929545679,0.5994899919052662
0.375582953,0.09398194,0.578280141,3.874214953,3.18099009,-0.5862129451107828
0.035942274,0.465598018,0.542644635,4.208250497,3.274386144,-0.43834610400505003
0.286541252,0.590833261,0.03050025,2.527505949,2.017745147,-1.3437418024928687
0.037348189,0.822600561,0.360190641,4.320010487,3.472789602,-0.35458348095217046
0.127060513,0.52224326,0.769993553,5.592442004,4.53740314,0.35409229741186854
0.215821027,0.622890476,0.085347465,2.657996702,2.180986024,-1.2599752094231282
0.051681721,0.531354632,0.540635122,4.308983754,3.520685089,-0.34900698877848035
0.637429901,0.726091334,0.975852079,8.249211981,6.549267967,1.7904873336525133
0.516300348,0.322956473,0.795186195,5.97068326,4.749821016,0.5434080840457289
0.270832251,0.438971421,0.078456381,2.179284672,1.76144169,-1.5304931805918702
0.025350743,0.962648415,0.835980121,7.18675254,5.495622765,1.1649662156405611
0.695974206,0.408952944,0.17329432,3.634003461,2.964818153,-0.7231143962071038
0.156437043,0.250242898,0.549226665,3.751730779,3.166046434,-0.6364730132588613
0.714595923,0.660197377,0.279933897,4.83339391,3.804492841,-0.0887258354446172
0.954865281,0.737896917,0.554354053,6.945160085,5.496338328,1.0720246832835651
0.611720746,0.419600062,0.24773099,3.768096854,2.840339799,-0.6969820135663497
0.355972679,0.75784611,0.014393489,3.065046659,2.655720536,-1.0057478091405558
0.116072641,0.046002642,0.040728802,0.648065461,0.641759645,-2.3501794840898254
0.855460584,0.703657859,0.474173829,6.240988787,4.954700214,0.6895885314886692
0.097834161,0.491615875,0.473471771,3.914108558,3.372031076,-0.5316515858989147
0.17320187,0.433851649,0.398504734,3.727397966,2.955979543,-0.6889415716369066
0.615850098,0.635093651,0.04530401,3.452230281,2.559052769,-0.8763918536984304
0.374612615,0.625859916,0.503136259,5.066157659,4.097931409,0.06115629165532638
0.856489841,0.658693632,0.162934427,4.507526496,3.596399346,-0.25697428689727086
0.070568747,0.642419278,0.026511311,2.269284781,1.772491787,-1.49354831195444
0.585775581,0.940230241,0.575474178,6.848681394,5.509270359,1.0375032058091151
0.388169926,0.643288218,0.45825289,5.104766765,4.014347042,0.058886431263030385
0.545616789,0.941464809,0.386102638,6.082528443,4.708409907,0.5780082847459715
0.961190564,0.905350642,0.195791135,5.538790124,4.493552839,0.32442422385568825
0.069361301,0.100778001,0.018221826,0.394061274,0.322813751,-2.5134783333095
0.094442961,0.683006773,0.071188648,2.624231344,2.062234354,-1.2973459491233665
0.31897563,0.844875311,0.023271936,3.361093123,2.555281039,-0.9122817655196984
0.814468483,0.281854775,0.118164828,3.04223879,2.496780526,-1.0471406874099523
0.696737165,0.628942847,0.877472014,7.812989005,5.916786225,1.492659175712719
0.735071044,0.80348093,0.282034573,5.156897162,4.354806216,0.1488142183131146
0.177439544,0.750614752,0.806834739,6.710188901,5.508670092,0.9840173343431372
0.990505142,0.412617677,0.372018086,5.018367662,3.97515619,0.01755631335471991
0.776412961,0.34080354,0.930757326,7.400960961,5.479343885,1.2441637294956913
0.858412752,0.428994027,0.750871068,6.95741446,5.327457411,1.0421024218795405
0.754542874,0.103123869,0.902552907,6.254556229,4.993417194,0.7027585721685098
0.505252372,0.826457466,0.320049601,5.035169435,4.003160806,0.029775058162557592
0.895523228,0.389201679,0.010837651,3.098798539,2.308117806,-1.0640495973796882
0.905381976,0.091286677,0.319313638,3.642479106,3.016563727,-0.7092336140334687
0.950061967,0.950607147,0.573437888,7.614593694,6.161855087,1.4664883122449819
0.631837212,0.448445522,0.293210772,4.077603691,3.149256299,-0.514354778563817
0.328664545,0.672518456,0.752374529,6.244789791,5.024031159,0.7052755614134544
0.791579044,0.789618143,0.091206103,4.406659256,3.493536603,-0.3169407114847985
0.494420305,0.05755876,0.549528882,3.840188524,3.062297208,-0.6236722187442633
0.441530501,0.887704183,0.350915013,5.251436332,4.334836178,0.18114460867936172
0.117067016,0.142991682,0.761510632,4.615025438,3.525590585,-0.23007933838451983
0.618218063,0.101122676,0.084106806,1.834687496,1.567710967,-1.7030120621145386
0.700969131,0.072763006,0.821860059,5.810848097,4.714316854,0.4745384993709386
0.706242227,0.081348781,0.084837714,2.052823074,1.683636251,-1.5951811798243831
0.986639579,0.374270796,0.370642147,4.921326263,3.893396095,-0.03660700141263056
0.812799567,0.947248577,0.986001064,9.476387375,7.513010003,2.4610327642017498
0.753378185,0.376259586,0.083500717,3.08704384,2.369051795,-1.0560788974571467
0.777146916,0.55840425,0.424222009,5.407677927,4.376683126,0.24993070157780894
0.906354385,0.111197482,0.492625104,4.706245205,3.545294356,-0.19088931821840366
0.011353645,0.468660642,0.056303276,1.677074756,1.418417446,-1.7943679229405056
0.118817916,0.117526247,0.649210302,3.77504241,3.07400349,-0.6463723463183431
0.746044879,0.583368765,0.962172548,7.944543744,6.376001006,1.637551436188084
0.37487058,0.285712086,0.868599128,5.867332006,4.613736043,0.4756693755706044
0.223595839,0.963222539,0.012154475,3.692541111,2.824365456,-0.7293714570360261
0.969878827,0.043159912,0.891143114,6.649420916,5.121190078,0.8811155924228449
0.527701109,0.992964796,0.073796565,4.268171994,3.61917396,-0.34452834548247013
0.553854284,0.969302536,0.523097844,6.498859601,5.293069112,0.8583616458541221
0.629398638,0.695748689,0.454541065,5.666935273,4.623716069,0.40050152355427787
0.62755808,0.584314312,0.90115801,7.568575628,5.919077564,1.398953962647489
0.04544638,0.28096319,0.950411484,5.740728133,4.743427509,0.4534922012214029
0.890263784,0.455656753,0.620132598,6.222665236,4.780304298,0.6467529075293762
0.277381183,0.18812116,0.463698405,3.425072444,2.7846453,-0.8405783190984912
0.353352228,0.583656112,0.077734637,2.879133929,2.347650238,-1.1405792395474983
0.974394808,0.986210744,0.698161714,8.406819719,6.640210222,1.8698711643807806
0.536096366,0.309527616,0.81379502,5.847820643,4.875583063,0.5218663823055057
0.684731173,0.162616939,0.910927184,6.388969123,5.205299712,0.7980146937296139
0.822537243,0.949799913,0.725719508,8.037931124,6.289501797,1.6557903212016467
0.613415196,0.418243036,0.932728483,7.162723059,5.746918799,1.2072579245606647
0.86606389,0.04521867,0.026366974,2.298144562,1.268283325,-1.5858609776652368
0.376463367,0.810553331,0.987276129,8.157715539,6.443616414,1.7335594913116608
0.150416891,0.594130715,0.380890857,3.956327243,3.397432188,-0.5101734950979537
0.969914398,0.842118923,0.838328705,8.750009239,6.85530552,2.046230361140881
0.46869316,0.414819502,0.273407072,3.597148975,2.716328787,-0.7882896341969273
0.056375497,0.864722376,0.812901009,6.813432617,5.478179449,1.0175435021147907
0.999717673,0.996636837,0.555431706,7.827189445,6.419686059,1.6012949843170814
0.768987415,0.94476573,0.849647391,8.82616333,6.730816785,2.0500359418782796
0.247348102,0.450544135,0.129159415,2.379036842,1.90888916,-1.4232792143772532
0.954051027,0.606174634,0.228642806,4.917203193,4.010827517,-0.014105938114113752
0.671700684,0.61812824,0.358162718,4.895961567,4.171292734,0.01062704746666418
0.113557592,0.671573196,0.520307701,4.89892454,3.920157058,-0.039748931072602155
0.772318392,0.520163501,0.8521815,7.274166137,5.743707071,1.2495393609353111
0.551906839,0.560937972,0.876653603,7.128158924,5.946403948,1.2348620938961887
0.403482866,0.134015228,0.028782676,1.323415808,1.214837315,-1.972398903069027
0.755137256,0.620309551,0.704079768,6.989183678,5.567693533,1.10362518850955
0.212964162,0.136371476,0.014544666,0.999611523,0.637313359,-2.2156368914422337
0.350587559,0.589917687,0.392244045,4.307576666,3.564748802,-0.3405099830550255
0.437474922,0.904158694,0.348255467,5.334196674,4.293594979,0.2045729442988647
0.513989489,0.783653013,0.396542782,5.290693943,4.349373025,0.19925308279014042
0.6220867,0.862363709,0.949520624,8.453017154,7.032221961,1.968088339755135
0.147073481,0.926587625,0.492116293,5.512789598,4.593486161,0.33490611694898226
0.258244388,0.459135756,0.980032575,6.763210643,5.347598666,0.9714052321613703
0.492618094,0.32875161,0.633400854,5.381166939,4.232059229,0.21004775820964344
0.240145619,0.075863328,0.128879722,1.395575814,1.09670885,-1.9688275512205935
0.128045839,0.151902694,0.138827173,1.268173872,1.195840762,-1.9975811777748391
0.640874745,0.181880084,0.345667283,3.499248759,2.945335547,-0.7790335527174297
0.89678841,0.47396164,0.667557739,6.655388763,5.089159645,0.8768443904388401
0.172319871,0.192289019,0.040868616,1.334694157,0.899094261,-2.032824346058176
0.168935063,0.278590339,0.177010484,1.900095233,1.604774924,-1.6702064648615813
0.088702534,0.120635871,0.460778768,2.655214082,2.120972608,-1.273358458630974
0.206333718,0.364269861,0.503417271,4.209659892,3.268515311,-0.43900738311533005
0.690394829,0.03931214,0.799410399,5.534739489,4.582669843,0.3411448143231941
0.627900389,0.081759032,0.873578624,5.782141722,4.456554886,0.4106006517605807
0.920872401,0.06107796,0.276877648,3.46282983,2.638286032,-0.8560539183958658
0.80620128,0.74825969,0.184521019,4.516211954,3.882089517,-0.19502157120904187
0.209349323,0.370472103,0.484522985,3.953067432,3.190604003,-0.5538580020792472
0.618254772,0.36891364,0.462534716,4.68870616,3.688492316,-0.16827186867598434
0.747470938,0.036683203,0.252436944,2.959603221,2.092740555,-1.1618653463073916
0.713349586,0.895206838,0.511677442,6.5693173,5.378029916,0.9029385477914456
0.532113485,0.107172011,0.447412367,3.631373555,2.780073326,-0.7620260423028145
0.532617266,0.242470504,0.269243231,3.046319736,2.263082912,-1.0935086768856084
0.377284163,0.020071198,0.322079166,2.450716123,2.023880123,-1.3720712752581394
0.211448007,0.327497352,0.119762132,1.914664097,1.7108025,-1.6428425568229403
0.890527281,0.593592454,0.679102319,6.916533434,5.541347429,1.0702276173126206
0.789171239,0.498442199,0.086920288,3.408688975,2.800450976,-0.8436487003280739
0.537106542,0.586841118,0.745439474,6.627047433,5.361952306,0.9218844849617625
0.431659546,0.127580303,0.283775906,2.750784642,2.123977665,-1.2359175808724077
0.363082296,0.645917241,0.570778305,5.494345783,4.532931522,0.31537740531522795
0.356096726,0.986515249,0.605774819,6.704437094,5.393784268,0.9582335692301032
0.237226792,0.101782473,0.152859139,1.399237556,1.3529313,-1.9148555004098955
0.245957728,0.160681373,0.186567024,1.876827032,1.548986695,-1.6906162921738752
0.285095169,0.173373595,0.896765425,5.569117785,4.467543634,0.330774322275011
0.080233746,0.52451139,0.410396827,4.048065104,2.946210292,-0.5673889258942232
0.982378617,0.112038902,0.397855599,4.178955233,3.373783162,-0.42924372765898133
0.969470433,0.865507126,0.817072071,8.767240323,6.803066257,2.042153399451763
0.257902827,0.170887587,0.66864322,4.471370393,3.424817816,-0.306103656579347
0.929375989,0.556762893,0.571612689,6.415167745,4.990884411,0.7641244450915555
0.279979094,0.769492933,0.187043749,3.979517778,2.985252475,-0.5857919279978847
0.323679236,0.425436439,0.507610379,4.498930229,3.792028606,-0.2201553945815055
0.242409732,0.114836825,0.610620042,3.921346071,3.226320736,-0.5587537193068854
0.288630553,0.581238221,0.154362715,3.087477282,2.695528995,-0.9889387793846349
0.481140102,0.532589433,0.051823537,2.941523074,2.138188379,-1.1595087252119884
0.336604278,0.134414677,0.06337497,1.502974363,1.101568367,-1.9264487931972447
0.989960232,0.322353845,0.809874446,6.9337865,5.400971982,1.048078983450977
0.254640655,0.681502722,0.76022786,6.223004056,5.05705974,0.7036567099392597
0.595638741,0.471576189,0.411840914,4.644912554,3.627949541,-0.1975657094746806
0.348868267,0.929529144,0.830619408,7.559417148,6.293561292,1.472246200705103
0.965026911,0.124297223,0.730867475,5.95093041,4.642130358,0.5137055647349382
0.938340457,0.181233066,0.066496267,2.876605262,2.233416353,-1.1649873542240137
0.741120649,0.574473113,0.841828777,7.369074356,5.975590953,1.3336769354723363
0.139772377,0.795267312,0.20162732,3.669200951,3.2347,-0.6541891919185927
0.163655943,0.164265798,0.81457472,4.898785154,3.766502868,-0.0713230586588958
0.665197221,0.523065425,0.358830484,4.778586225,3.866704653,-0.09708180998542436
0.877200541,0.392445107,0.816599439,6.790044668,5.677955425,1.0495136429635143
0.439134909,0.376944429,0.462679786,4.261832004,3.354444695,-0.40127743268217486
0.301377874,0.74760938,0.50272039,5.380314209,4.432685156,0.25087533321192634
0.232212695,0.899574573,0.383891221,5.202613113,4.166434858,0.12778683920267225
0.543552861,0.906472111,0.624237996,6.87852179,5.555713927,1.0585284230440628
0.116898041,0.939832124,0.627708053,6.004177447,4.953366034,0.5980687355344962
0.334905615,0.139272073,0.794025189,5.119724538,3.954728416,0.0524197440548687
0.620072756,0.533461092,0.893892583,7.246455464,6.044313406,1.3005281156649056
0.788597211,0.15167488,0.311722068,3.471862735,2.809039569,-0.8175452789476408
0.24848914,0.743946293,0.033532435,2.834044792,2.44494218,-1.137994254739752
0.569889685,0.762458686,0.876765637,7.792531075,6.188953851,1.5406086150952558
0.342081749,0.821257305,0.110631737,3.64061963,2.930807538,-0.7275420043056929
0.846452292,0.127488662,0.397287291,3.841250418,3.285747737,-0.5774247081772124
0.797295366,0.149917427,0.229251395,3.280306609,2.352784577,-0.9849495893330762
0.722252568,0.720036537,0.641147633,6.937840415,5.406539349,1.050783085451569
0.693948444,0.542724443,0.251799059,4.340217713,3.408332752,-0.360020001160309
0.345695994,0.181597717,0.908450561,5.664669377,4.617477788,0.3983487351956111
0.583391795,0.400851417,0.462005804,4.659217705,3.70733012,-0.17576974334252227
0.94728334,0.153351403,0.586229832,5.285117917,4.188804823,0.1641658245237642
0.505888679,0.611454235,0.018110184,2.996570422,2.429194918,-1.078601652936611
0.872123909,0.932118282,0.565133184,7.433102632,5.972478059,1.357709183776083
0.696650824,0.922499381,0.707238634,7.623575583,6.081598845,1.4534854752424557
0.152539043,0.57628836,0.606715046,5.075717954,4.067974141,0.05869458713472554
0.424130671,0.736444236,0.934367015,7.775157164,6.334250941,1.563720305443392
0.925568513,0.450839371,0.113238046,3.915427601,3.0578681,-0.5955903276733012
0.984841199,0.838898086,0.124662681,5.180140717,3.935871794,0.0718305624086744
0.920841883,0.869896362,0.518838057,7.124468806,5.666503948,1.1760219276962418
0.591275436,0.399002704,0.054761639,2.66174984,1.905643944,-1.3150123986113935
0.335197242,0.802853449,0.004632023,3.243160859,2.533151066,-0.9622621226653383
0.333499172,0.398168694,0.537395603,4.589458718,3.835029605,-0.17645256866150236
0.919855616,0.346345994,0.346953202,4.527406434,3.538671946,-0.26115644428061546
0.737501248,0.452217941,0.224604823,4.095017431,3.051783712,-0.5276404660373748
0.452439516,0.14085702,0.176386987,2.279175353,1.812752749,-1.4814782806669469
0.498367773,0.41892545,0.914845901,6.783436997,5.299968736,0.9694279346599066
0.362393899,0.58058835,0.632264288,5.579924992,4.460843373,0.3335639792865846
0.013094457,0.663537372,0.178035967,2.936638418,2.450273096,-1.0973701860466782
0.961070317,0.148662728,0.414624124,4.487567916,3.408330206,-0.3032448135127712
0.085349668,0.996874252,0.50219501,5.69202637,4.605393174,0.40641067390754604
0.595385017,0.067076477,0.74996047,5.172932686,4.135029172,0.10990811138724028
0.209905593,0.898054289,0.20513964,4.309667994,3.422707284,-0.3688423827319669
0.190687721,0.036549668,0.472066945,2.958513486,2.292355371,-1.1213365100232178
0.564841133,0.065708639,0.775527617,5.223509827,4.079731537,0.11805237445682615
0.453288835,0.524390269,0.440762747,4.77769327,3.790966025,-0.11296279929129016
0.400763061,0.559640331,0.155240246,3.153395955,2.608833135,-0.9813242404779445
0.18192813,0.861785621,0.946115462,7.71958314,6.257598658,1.5265826520320163
0.373309316,0.270744673,0.643999543,4.959781003,3.763130628,-0.04851244088551432
0.408734171,0.025386356,0.156152597,1.652585806,1.282920638,-1.8315994328986036
0.715972229,0.658923942,0.027095993,3.459432853,2.730656389,-0.8384140774623329
0.221972162,0.231074797,0.671892744,4.431423543,3.594715448,-0.2866430533166842
0.019710538,0.104108582,0.799916085,4.242363945,3.408401517,-0.39771006509728435
0.178544662,0.652746108,0.238182781,3.427765362,2.741008742,-0.8484922538705298
0.099441393,0.243172191,0.722266932,4.502683208,3.672026409,-0.24332642359158
0.855696468,0.830219865,0.39718353,6.047413476,4.96910246,0.6179562194465013
0.668085137,0.204984295,0.29314773,3.418423644,2.765466738,-0.8470744426460644
0.896335819,0.013001924,0.085508531,2.349447779,1.675930103,-1.4824691348336436
0.207886255,0.026532204,0.181435435,1.311770679,1.144706917,-1.9912723623635347
0.583041561,0.421424551,0.892671711,7.045643721,5.553890319,1.122548312185959
0.817443562,0.341817352,0.259423433,4.008535555,3.162879836,-0.538172802648006
0.379692408,0.590294943,0.268063641,3.973645907,3.034965164,-0.5778564303844187
0.624148908,0.409411652,0.552047181,5.170985221,4.182877564,0.11897328782834478
0.436126529,0.29446576,0.948453307,6.583369394,5.22058145,0.8760542060947694
0.763605794,0.140113176,0.868467976,6.180697605,4.970281381,0.6695539533252238
0.487431198,0.894552227,0.799855256,7.746820107,5.958300623,1.4756797559496744
0.425213504,0.022469308,0.268677359,2.278405665,1.784751927,-1.4875189023971385
0.541634215,0.63347822,0.257887685,4.328466638,3.648950717,-0.3151877678694788
0.139356074,0.834930237,0.984402181,7.587954301,6.197964499,1.463631288775073
0.525690182,0.171679286,0.272307327,2.838447871,2.234155084,-1.1795382888576458
0.018390677,0.914298807,0.117751083,3.428156009,2.821672219,-0.8317945324381147
0.576516476,0.274055221,0.554178003,4.651253825,3.797862596,-0.1602666026187612
0.651420388,0.829741804,0.206421272,4.870493176,3.996443695,-0.035054517709113456
0.010995829,0.13688563,0.900018642,4.796027976,3.83299557,-0.0972763422718084
0.873890078,0.597413102,0.60051686,6.627421185,5.279573339,0.9051293817761314
0.665036675,0.175371279,0.914411946,6.304994583,5.152673198,0.7548626133167782
0.418770525,0.383138528,0.518917705,4.636775155,3.647458275,-0.19669914560125112
0.046965967,0.166283369,0.738033616,4.345513215,3.47216057,-0.3448860284611916
0.082798668,0.603152109,0.24534911,3.132122031,2.716420462,-0.9674510012245617
0.389295614,0.288693737,0.355672716,3.481238677,2.815600167,-0.812586789269226
0.719045905,0.297121716,0.56640464,5.187524385,3.972689777,0.08222836682717836
0.476050402,0.663671165,0.936829739,7.573378811,6.202588293,1.458963705705766
0.732572097,0.214940379,0.031183135,2.165025537,1.754472772,-1.5374169823330166
0.262264044,0.595077931,0.051425813,2.370628379,2.094081557,-1.3885289635367601
0.496366247,0.596842849,0.334243891,4.4894455,3.580951755,-0.26710999911636973
0.770912204,0.106598253,0.075137782,2.080827798,1.708390767,-1.5793125318009797
0.728188756,0.495491316,0.688402396,6.394397863,5.20379176,0.7997971097150012
0.434827339,0.246402033,0.819102318,5.678027544,4.536283566,0.38683971190811794
0.799415879,0.694696471,0.272145137,5.111561134,3.912490932,0.04060974910053958
0.590230667,0.360973897,0.091582073,2.691088841,2.11475605,-1.2608107623833276
0.917313575,0.136818631,0.950237354,6.963325034,5.536835827,1.0873314490765935
0.446005773,0.185132929,0.541900947,4.23010214,3.422366249,-0.3995699711431783
0.872945836,0.732224886,0.806561148,8.008877873,6.42653503,1.6727065920766635
0.658783367,0.692276565,0.849195652,7.671990281,6.03059554,1.4616774576851095
0.249668009,0.489424964,0.221209442,3.120584877,2.731421181,-0.9688191699692998
0.987668008,0.94405934,0.039426811,4.85109088,4.025835138,-0.03650112077121233
0.705575173,0.925248317,0.180575345,5.165450891,4.221324007,0.12472770078723416
0.567945231,0.915488298,0.033945979,4.113332126,3.261251061,-0.47761374627122943
0.697420267,0.297349007,0.924396195,6.807200221,5.540423625,1.0279107782782793
0.971058245,0.944266489,0.474214217,7.121578994,5.798057308,1.2018951353188814
0.862042651,0.844549399,0.319100473,5.849305135,4.802658837,0.507478793145659
0.828915474,0.037007635,0.596269878,4.736753566,3.826708642,-0.1214051391633297
0.230008837,0.120566886,0.076953202,1.239870337,1.041462977,-2.0401557097905254
0.696288776,0.339874964,0.724766772,6.179172979,4.761678986,0.6261740737388163
0.065356341,0.315290338,0.539491292,3.88221683,2.987050921,-0.6229141595888871
0.790723165,0.318752503,0.625891376,5.535938801,4.519792261,0.3287082975399298
0.885977748,0.615863188,0.232959475,4.846549434,3.893775299,-0.06534157510532362
0.024400782,0.870098874,0.021269411,2.898338571,2.27465393,-1.1481538400804112
0.874701673,0.528937134,0.939067699,8.070234092,6.497183335,1.7108405427843207
0.798783236,0.997934111,0.350711815,6.454025923,5.241119066,0.8304297547233981
0.767188289,0.401930914,0.47987562,5.340774465,3.983480107,0.14349088075521754
0.627505463,0.873677114,0.984083469,8.89883057,6.978092787,2.1287613335898
0.768273414,0.417766782,0.421357002,4.921563045,3.868217579,-0.04168085461913219
0.737582302,0.238777146,0.110474113,2.848375454,2.175974036,-1.1876482626318259
0.354622158,0.287238992,0.29630812,3.066990676,2.382806496,-1.0609839882705134
0.233607751,0.04209319,0.017873935,0.685255049,0.662360607,-2.3316238581138222
0.98772239,0.427773134,0.384326647,5.145255993,4.130729694,0.0983619773164206
0.679647283,0.218253888,0.949961184,6.920203485,5.368895084,1.0362650800972526
0.786345014,0.089411002,0.417580776,3.846984048,2.929777178,-0.6482388125155575
0.879118308,0.944732022,0.467401511,7.082677011,5.41853198,1.1090504267189056
0.613411389,0.167033946,0.991168626,6.73375416,5.330477379,0.9565430755388789
0.231671701,0.942731774,0.649646649,6.399841353,5.089664021,0.7784825324989735
0.607736795,0.512688511,0.230669812,3.943653111,3.217269458,-0.5520153303503181
0.176528032,0.220486209,0.186438262,1.736703351,1.545945235,-1.7452314620928329
0.779584474,0.350125259,0.057842677,2.961308909,2.600369861,-1.0570737100965886
0.96910263,0.883785885,0.927752283,9.316847479,7.604919415,2.4184144040190634
0.994907823,0.173895249,0.396242019,4.433475892,3.493923026,-0.30652868617310175
0.758238476,0.696020618,0.153895906,4.386373107,3.482359184,-0.32705011672051354
0.815833125,0.224440572,0.223817615,3.619491783,2.779679728,-0.7666849664399534
0.536974423,0.592939935,0.580086208,5.702625019,4.778473564,0.445999939932055
0.091486837,0.877460863,0.265600043,4.037465717,3.229479677,-0.513363477318627
0.129514921,0.88874808,0.955651498,7.851697914,6.060111028,1.5369756223911708
0.862127617,0.809516075,0.655241981,7.625272081,5.875746055,1.4119107817782102
0.550857371,0.08698676,0.408453213,3.405310653,2.735839566,-0.8582047068005122
0.372688517,0.259753784,0.723420114,5.242885257,4.151785049,0.1402989117938723
0.495875735,0.081046216,0.220183202,2.469953719,1.934139096,-1.3830681681043147
0.683258764,0.076130859,0.851206914,5.776696253,4.500073198,0.41742974048017006
0.495146527,0.480586577,0.592407785,5.345561126,4.082202986,0.1655871186287475
0.824680966,0.347809208,0.678016153,6.20595777,4.904410498,0.6657743151223261
0.565731964,0.26702827,0.878629986,6.494200098,4.94786894,0.7857523722790655
0.797426022,0.658451835,0.850581729,7.879404279,6.042746749,1.5440891145029902
0.867294201,0.708362977,0.837013328,7.956762539,6.434408431,1.6542411000950028
0.697471462,0.680140772,0.618611378,6.727128241,5.300322204,0.9478040401948747
0.75271664,0.158605105,0.880870759,6.332505301,5.036865046,0.7417060724186874
0.871843528,0.029247283,0.825816751,5.926998879,4.638365663,0.5037121888880094
0.128869867,0.335118854,0.743508256,5.014871363,3.989198739,0.019089819792429283
0.160759896,0.817967024,0.832134178,7.091507796,5.57753584,1.1450708735821762
0.507467734,0.006385872,0.287038133,2.554681346,1.790514101,-1.3798846938597626
0.616926918,0.981186178,0.631813527,7.377966556,5.834141863,1.3080865190738402
0.259803581,0.634005703,0.53998538,5.167880023,4.186789139,0.11857923510960491
0.779845395,0.106980639,0.761027903,5.690123686,4.513499154,0.3868265284375518
0.541266579,0.962992004,0.341872166,5.736683951,4.603674522,0.42326518599588947
0.632621893,0.932028106,0.102509728,4.320920735,3.589527167,-0.330285359875564
0.937228487,0.687885722,0.067837059,4.247638691,3.378754957,-0.4017593021785647
0.300963567,0.708172089,0.067350601,3.087328601,2.273571473,-1.0755558848026001
0.58217046,0.345883057,0.620915518,5.191466272,4.23947307,0.13847479828354886
0.045742034,0.871536806,0.973488969,7.612171664,6.284296714,1.4906725925453557
0.968877855,0.749651832,0.13008624,4.816695284,3.70037811,-0.1165179664826975
0.758263196,0.024586916,0.022123552,1.876452469,1.228763524,-1.7564507801274927
0.323610219,0.48864319,0.770407418,6.122489071,4.821563654,0.6166177818346882
0.683295377,0.445902706,0.273626666,4.025851647,3.359490759,-0.4911682064795474
0.9971245,0.426181302,0.451387024,5.514644258,4.321865642,0.27990085876470094
0.163623821,0.794809549,0.693682226,6.172692661,4.937963474,0.6598399039286892
0.220769613,0.082381046,0.680499302,4.046012925,3.062211927,-0.5443832293729878
0.654511214,0.273259527,0.950863562,6.902621319,5.478713701,1.0520185196438185
0.151057892,0.432334801,0.94361592,6.241371581,5.286095125,0.7577179471451905
0.419727317,0.638525948,0.397594398,4.629942933,3.844019283,-0.15900940910155292
0.274215202,0.983977648,0.409334006,5.609304503,4.506375051,0.35422454835868283
0.894099204,0.229954606,0.213104704,3.606538704,2.800662367,-0.7673715839151032
0.031134083,0.651666825,0.368526344,3.779468785,3.148864362,-0.6293099518028354
0.86435825,0.473209907,0.968193428,8.078848902,6.271034416,1.6677680321678143
0.185525516,0.868623168,0.776596853,6.796747026,5.638561596,1.0440149389530162
0.770921845,0.844783228,0.761023991,7.906629852,6.335012953,1.614534546322517
0.626220322,0.131244878,0.032526179,1.890840575,1.39930872,-1.7159214595981345
0.920847848,0.616650315,0.796537291,7.670971838,6.011510119,1.4573698815816392
0.481522352,0.117308189,0.125185792,1.986372322,1.646647962,-1.6283731401903798
0.685565287,0.430305895,0.200524727,3.613028928,2.972681849,-0.7295829740798087
0.491594547,0.064208937,0.581971402,4.066026256,3.170507687,-0.514456213932041
0.268993404,0.797559101,0.310361959,4.461887962,3.739018179,-0.24530269157295834
0.455220149,0.01162054,0.072446888,1.232878522,0.951912041,-2.0612200981421003
0.392493556,0.479938835,0.600020548,5.207228941,4.110469265,0.11808466133948205
0.291662579,0.694981886,0.860122397,6.814020972,5.53946786,1.0303428268643944
0.779850989,0.039618825,0.480506947,4.031977815,3.01374448,-0.5597336659662115
0.104930178,0.242045016,0.986662593,5.840820821,4.756312418,0.4947022463380368
0.142495543,0.498888153,0.618155734,4.846816242,3.750472147,-0.09463579305658311
0.702464971,0.559648683,0.009770847,3.108580484,2.369058171,-1.0477792754916764
0.326461308,0.517711643,0.087866499,2.639213622,1.927878266,-1.3191347399691677
0.350626931,0.033203109,0.078578497,1.241699826,0.914655188,-2.065463971671443
0.396923276,0.132715754,0.567540848,4.117149763,3.182305646,-0.49233752698906974
0.689464969,0.800586699,0.200150244,4.716464734,3.803595557,-0.13396404517990065
0.167482582,0.10456784,0.63643025,3.710499848,2.954106703,-0.6958368007482456
0.706475726,0.031586145,0.936212246,6.084566677,4.766304561,0.5906700734781944
0.051971284,0.541296335,0.709060519,5.224413878,4.313876828,0.16643297587861466
0.870969124,0.714086932,0.801728083,7.857647327,6.243528155,1.57689394965687
0.339450193,0.814825114,0.080114846,3.446950352,2.898333291,-0.8088267056722014
0.894816656,0.547592376,0.81729777,7.389287624,5.891872136,1.3242913684722721
0.452318285,0.643577695,0.526402661,5.421770877,4.411138583,0.2624290231874976
0.731589522,0.081629982,0.060352084,2.027972072,1.673195377,-1.6068983809822046
0.247103234,0.15954468,0.871783567,5.391261288,4.315267398,0.2310064412474641
0.219213987,0.975865256,0.336895792,4.994760396,4.074825906,0.028906280967403462
0.182117916,0.789698507,0.658707776,5.985570448,4.90797414,0.5815876130254889
0.498195716,0.555363551,0.719201778,6.165821146,4.988443048,0.6675475451247848
0.228454741,0.996333916,0.974793162,8.316733125,6.733477569,1.8542925167944522
0.650325686,0.199542451,0.680228242,5.215577074,4.162696521,0.13201512330717277
0.072198409,0.030652502,0.257682889,1.582081548,1.199226902,-1.8759343498678422
0.462622957,0.868272505,0.72716907,6.987322129,5.794501313,1.149434965323597
0.742706521,0.425493334,0.345934993,4.455605041,3.462197218,-0.30451026421913996
0.371038763,0.987649564,0.040109191,3.935682908,3.084530937,-0.5823161477150047
0.867031496,0.578675409,0.438615419,5.681549766,4.362843187,0.35261753048793254
0.72525766,0.486668941,0.873423238,7.546941702,5.638224686,1.333004370887639
0.900701864,0.421720927,0.276827797,4.485685497,3.390938033,-0.30753793870915863
0.592350329,0.912363346,0.210662189,4.874696179,4.028028864,-0.026955712362349796
0.622966584,0.63156022,0.733113022,6.796632515,5.356523764,0.9861139427430565
0.131567685,0.715824965,0.909032521,6.778148234,5.674405468,1.044201578013291
0.179683109,0.237543325,0.971395094,5.920911688,4.752434727,0.5247667042708485
0.180976953,0.854385093,0.492277856,5.303192862,4.179689167,0.16926033270019994
0.247231074,0.870749901,0.445305255,5.424777155,4.394439943,0.26016183903132206
0.514817354,0.359233369,0.592950851,5.017135046,4.123192725,0.04744939452223906
0.163523873,0.391081537,0.969412322,6.335677375,5.001252672,0.7356228325690823
0.258133433,0.656736665,0.325190064,4.048871396,3.371821222,-0.4797689801122724
0.773473126,0.130873661,0.969821045,6.962557594,5.281028197,1.0345597013960504
0.453789541,0.236050463,0.073496747,1.951089933,1.574564497,-1.6567549543566664
0.169757905,0.519773949,0.337003176,3.767109242,2.775634594,-0.7106360932558633
0.828883366,0.430887524,0.248714273,4.275415842,3.136090303,-0.44083636114199215
0.617144987,0.706777217,0.167041908,4.238037836,3.322546435,-0.4169891639138297
0.167619216,0.036671427,0.736402015,4.164136103,3.276342557,-0.4549425459791836
0.663804528,0.474630876,0.844170449,7.011733657,5.519197807,1.102365601896668
0.805670153,0.585354364,0.868271281,7.515992544,6.026573207,1.4007446183459251
0.20584121,0.111919619,0.269749612,2.068300996,1.627569403,-1.600718840587296
0.057086856,0.531169528,0.936605692,6.475226555,5.186906349,0.8274774732632695
0.039343541,0.122109914,0.452199028,2.701122246,2.168596906,-1.2458999341330381
0.933875018,0.316156105,0.507234809,5.211873409,4.238392127,0.1461161571444835
0.041572859,0.148343201,0.986630123,5.456085491,4.312726263,0.2554626591784404
0.965118696,0.004939981,0.951811785,6.874526814,5.38444693,1.0218556244505124
0.639119938,0.867918295,0.454739856,6.280383209,4.829817732,0.6791494207207356
0.515596029,0.48884658,0.666864258,5.825852685,4.711723553,0.4797879514739818
0.139651255,0.02997359,0.307929942,2.004017915,1.634319732,-1.6241030894747763
0.704680763,0.201853452,0.673432433,5.345433346,4.303475317,0.21092940156310153
0.969912046,0.093900716,0.672602118,5.414149672,4.359775909,0.24895601407633505
0.443750219,0.868142254,0.177149789,4.28522955,3.491750418,-0.36409537463546965
0.692625952,0.83811529,0.944614219,8.778957748,7.016292795,2.0904092711551545
0.683248028,0.497174764,0.61784724,5.919857241,4.596900421,0.49245430871917334
0.868904984,0.570609747,0.03038706,3.577236109,2.754417656,-0.7881487870388599
0.930948696,0.689526751,0.676513386,7.283060753,5.786537687,1.2617527745203758
0.215675152,0.65888547,0.393864406,4.567742403,3.669949403,-0.21868444974995022
0.651232977,0.10659303,0.657845305,5.07406746,3.912690023,0.02620385113219472
0.999413726,0.048212039,0.977174184,7.251212513,5.431542847,1.1766581057485266
0.406907961,0.87075345,0.782385484,7.322099172,5.885756733,1.2971483875586456
0.567016261,0.738449209,0.878515561,7.771520405,6.149277345,1.5243737780547413
0.404140322,0.327033162,0.667593386,4.975682801,4.023188029,0.010962539640395553
0.807845942,0.762285135,0.797813649,8.039308975,6.406625301,1.680347786059269
0.435583315,0.817834216,0.120209055,3.8089366,3.041622421,-0.6399551395801358
0.544489098,0.00575866,0.32458583,2.750860883,2.290351703,-1.20175845070776
0.366461535,0.396172692,0.695467207,5.289046925,4.404815827,0.2099919322633672
0.388558101,0.448693623,0.237544131,3.252031042,2.763833899,-0.9115223640645783
0.373251792,0.227269627,0.073195924,1.710565841,1.374541499,-1.7904640814595139
0.603448593,0.668212799,0.619490346,6.248199786,5.038672199,0.7095929151817477
0.463494044,0.37978578,0.86333365,6.329101406,4.954724933,0.7235443970564011
0.519081785,0.479181878,0.025642066,2.549092653,2.026679394,-1.333591440001355
0.341247828,0.380195619,0.398822781,3.900529807,3.107017397,-0.5912481944004364
0.580172369,0.533602547,0.607905093,5.690191563,4.765491598,0.4385460842427472
0.764883262,0.812985739,0.718123076,7.581393263,5.941565862,1.4085059634522612
0.955523696,0.018232583,0.195777986,3.066430984,2.22542835,-1.093483992028882
0.007562875,0.647474714,0.898030549,6.396383001,5.207023372,0.8012249346556439
0.243482297,0.927034545,0.06026739,3.49761329,2.784300448,-0.8126982481746288
0.934436027,0.351622687,0.101420828,3.407791795,2.745528996,-0.8552610174941262
0.485871759,0.256776568,0.284872902,3.284410252,2.437841633,-0.9659199152129034
0.307289965,0.803025898,0.539161277,5.73887477,4.605605764,0.42450550595677267
0.311307699,0.610333783,0.716150674,5.98124869,4.812203767,0.5602761808065565
0.272624001,0.413549102,0.121886093,2.443713438,1.851419278,-1.4101478827795262
0.18114935,0.681117854,0.181438348,3.202614784,2.699567551,-0.9437465255791169
0.525163384,0.709046262,0.106876923,3.779986119,2.966307464,-0.6665601016060062
0.56731222,0.256562784,0.962926875,6.759807897,5.306897001,0.9617446288174907
0.483545647,0.80599255,0.550226542,6.105420806,4.868359851,0.6196408960614886
0.043412533,0.633151376,0.951403342,6.659437324,5.485563074,0.959722030615501
0.60161182,0.819188859,0.884206463,7.993154443,6.652577459,1.7130182252973563
0.228079772,0.21204484,0.610980989,4.200680742,3.330144436,-0.4298246332853948
0.41102847,0.839861303,0.900023123,7.964654515,6.415900277,1.6534852296260438
0.353421379,0.236870559,0.780525515,5.256351237,4.105388335,0.13596974558850117
0.274806036,0.822614319,0.423738254,5.181984965,4.179474008,0.12251341331035948
0.667549899,0.095535314,0.623859325,4.532299662,3.6258636,-0.2413846454193641
0.451767679,0.586608463,0.168014208,3.444970013,2.668537014,-0.8567298620353454
0.736873745,0.862797078,0.2167398,5.14273183,4.055325371,0.08192104389909546
0.095714556,0.023638586,0.6419715,3.38123403,2.889744234,-0.8359099003076936
0.607094036,0.546697413,0.231947096,3.920365153,3.300174553,-0.5439814022666221
0.390905996,0.594476335,0.496766859,4.982297336,4.083917739,0.02596920892053018
0.98778552,0.136439753,0.695144554,5.889832341,4.450085822,0.45076801731485405
0.404318768,0.428199615,0.717597766,5.662492307,4.527740187,0.3791012306648907
0.692436151,0.991255994,0.128394289,4.776788608,4.06054137,-0.05801104040028897
0.104109649,0.724338817,0.578386917,5.06110032,4.298112808,0.10027259306976319
0.274160667,0.079419369,0.08565825,1.15418417,0.768043062,-2.1292605705087064
0.894190875,0.191867325,0.323371562,4.026610193,3.025409087,-0.5594090095016787
0.226656402,0.354996306,0.069423843,1.590670451,1.498762962,-1.8111785102691003
0.519059791,0.067612564,0.800356508,5.192766794,4.202676218,0.13142744587627359
0.233712082,0.540011915,0.880079088,6.43523056,5.001301478,0.7739918195759531
0.650877369,0.532957787,0.324333753,4.661130641,3.589833135,-0.1991358459291037
0.333001913,0.669486955,0.994139361,7.606659317,6.164082579,1.463888051310772
0.66183919,0.557783417,0.73065051,6.688580081,5.394780568,0.9523280613678805
0.465205612,0.060142343,0.562296816,3.936448046,3.166637297,-0.5651781394980298
0.957625285,0.175302942,0.690004891,5.678127202,4.692971978,0.4190209681963518
0.200933689,0.535827684,0.09667645,2.569553401,1.947681492,-1.3419132077819116
0.450370936,0.756163329,0.347571524,4.928629131,3.76545061,-0.06003969355951221
0.664911724,0.795449961,0.927177819,8.402889293,6.655398491,1.8714724282551942
0.234642082,0.399315916,0.152416013,2.821935748,2.060080148,-1.2216101035766096
0.992483502,0.927000968,0.53995713,7.257344266,6.105401647,1.317255257240267
0.842033294,0.520957977,0.623585688,6.537338626,5.130842547,0.8399091056178327
0.089124432,0.75527042,0.127713484,3.053882792,2.575650716,-1.0264747928042626
0.82606763,0.782028088,0.708744698,7.570675903,6.06711442,1.4301313104921773
0.036160381,0.303128356,0.26311257,2.292717454,1.808899866,-1.4770507304590978
0.360136407,0.087642747,0.936957823,5.625566537,4.494136741,0.357979944119691
0.553802241,0.305524311,0.396981517,3.952101706,3.349347159,-0.521665742859178
0.447202541,0.600594333,0.515679428,5.307536093,4.140751554,0.1629462177683572
0.919391973,0.496963483,0.992158015,8.1387471,6.751606605,1.7894314428909843
0.851424958,0.208510514,0.930595215,7.056415449,5.488591766,1.1133035213727662
0.116366398,0.817449708,0.380623293,4.546578948,3.873210253,-0.18514230353303446
0.87797432,0.86805669,0.8059254,8.276738778,6.570123305,1.8053719586638157
0.790030436,0.304679139,0.080919283,2.853693419,2.329011055,-1.1542053752849588
0.402980179,0.173524515,0.694951089,4.927004269,3.744408898,-0.0649822407940592
0.346099727,0.975610201,0.640972077,6.770356934,5.380536682,0.9809156411395583
0.822480564,0.132524673,0.862014482,6.388452919,5.034943861,0.7628692168777012
0.922757191,0.487061919,0.606252938,6.264869199,5.127749513,0.734289033964495
0.764809801,0.174838627,0.502566076,4.642758051,3.510081431,-0.2225751746913404
0.398663028,0.146373992,0.367534422,3.142670917,2.284165615,-1.0520585921983792
0.068172309,0.025811907,0.135166289,1.074472669,0.698268912,-2.174287697218717
0.963115112,0.549529536,0.965822161,8.386373242,6.673041619,1.868727894184406
0.432497878,0.311816133,0.506141863,4.398018951,3.507686564,-0.31736721473522367
0.439511689,0.105664684,0.640826315,4.409955757,3.58169396,-0.29758604664931054
0.216038183,0.619587955,0.650201092,5.67143287,4.467890012,0.3702685443126831
0.152024853,0.061349627,0.780761586,4.320023279,3.690008023,-0.31001864784836225
0.459800424,0.058163796,0.994866317,6.142924351,4.836998868,0.6276580874669804
0.057780561,0.695035229,0.983678925,7.099591705,5.724331964,1.1782992615476995
0.239180104,0.142249369,0.121384939,1.505614194,1.0387766,-1.9383126576405572
0.303275148,0.101045811,0.692161342,4.379669685,3.449906664,-0.3362902892159187
0.062291798,0.509422128,0.996696854,6.66155829,5.320141738,0.9266049453586772
0.81397027,0.615219438,0.306253621,4.993244053,4.080048963,0.029393467870671472
0.623895836,0.527041464,0.426083384,4.980804302,4.004029312,0.009005717981194244
0.130710377,0.886604215,0.449784649,5.327968449,4.093777786,0.16118289940037855
0.194622512,0.367759351,0.414129753,3.661716807,2.885076594,-0.7287942082793216
0.827537896,0.733614381,0.769304894,7.78935886,6.219715486,1.5456967263301418
0.011031264,0.416153998,0.481344152,3.631691329,3.135111635,-0.6890715036954433
0.019192277,0.259813209,0.760289823,4.530349213,3.808231126,-0.2047255386589078
0.137109706,0.535310131,0.215201872,3.051689222,2.480832041,-1.0467709798807
0.012120775,0.241201458,0.975873755,5.714819376,4.530688425,0.39986824349282446
0.801537112,0.959576644,0.487854044,7.068341444,5.591494655,1.1390081076874186
0.109736199,0.547959489,0.454377335,4.074839474,3.476962849,-0.44819456763138066
0.844357083,0.098082581,0.488241137,4.401212727,3.331428884,-0.3522938875974
0.150048665,0.324675927,0.737357077,4.796962081,3.951247191,-0.07265843734414944
0.476018129,0.375888285,0.394476279,4.012835396,3.154396146,-0.5382563581084367
0.459446768,0.785016544,0.892084689,7.834023664,6.25796558,1.570753158062566
0.955334687,0.786903386,0.315406896,5.801764473,4.784910296,0.4855199225032668
0.688134706,0.437603124,0.254670622,4.026479874,3.085194929,-0.5471948330713982
0.840871579,0.038426349,0.901761992,6.286781856,4.725390773,0.6601928817504656
0.461477465,0.637201477,0.659353922,6.163734674,4.881413503,0.6447877021455863
0.895117741,0.636669682,0.613933585,6.655143313,5.481432529,0.957220164689261
0.066652041,0.518408022,0.150169001,2.447894096,2.050437109,-1.3677107688260461
0.737433769,0.512221921,0.680227779,6.113558599,5.150435197,0.6806410496970292
0.041672901,0.084792016,0.716323388,3.900649174,3.111783613,-0.5902244655894545
0.072084336,0.071256728,0.012108475,0.255433907,0.206799151,-2.590692119336361
0.956501398,0.737508359,0.353251409,6.012384369,4.743058062,0.5580886522827042
0.296535581,0.34970323,0.774653531,5.593189243,4.33424739,0.3127051109289278
0.661370611,0.185195568,0.174109335,2.795541701,2.369891851,-1.1682256606553219
0.09839565,0.66030272,0.764372662,6.151663392,4.912891644,0.6465938847102689
0.265046428,0.020944961,0.082171667,0.908894425,0.720553885,-2.2335153684055946
0.967860035,0.295444777,0.769223148,6.842906461,5.206156063,0.9730975861954567
0.624663569,0.38193964,0.205687262,3.516801524,2.705299081,-0.8215110408850579
0.121386418,0.615012968,0.774633781,5.937325115,4.794196978,0.539658038285868
0.643904254,0.530302133,0.041951223,3.202033039,2.571099985,-0.9703243478517243
0.968488778,0.798714192,0.292822037,5.686600962,4.639448409,0.4113062490579732
0.979970329,0.60188159,0.582422658,6.595247303,5.231186927,0.8828064933425952
0.748073179,0.811769788,0.656478607,7.152989787,5.966492737,1.248550695995661
0.128095746,0.338267506,0.92808364,5.858514442,4.755077779,0.5012665276093398
0.224615612,0.372167024,0.432076883,3.620460946,3.072532477,-0.7062361050901272
0.43940499,0.612939582,0.943075838,7.555316222,5.902937141,1.3905339372659686
0.240692712,0.121501376,0.19747049,1.807356562,1.490986031,-1.7292822355094433
0.8869249,0.645810813,0.285906789,5.176066681,4.119652538,0.10796133263488128
0.815946939,0.861369996,0.846514339,8.391540424,6.574437825,1.8504914142266167
0.918926534,0.25224102,0.755041929,6.187725441,5.230687577,0.7256812466670942
0.460539497,0.841998553,0.728490677,7.116533775,5.838832783,1.2083157829052493
0.776447446,0.656161838,0.177428769,4.217298756,3.47507131,-0.39369141306521643
0.545026919,0.98466974,0.937388066,8.724139984,6.918540019,2.049234485653047
0.043173736,0.164814816,0.131728773,1.102604282,1.038468898,-2.0936600842177513
0.72597991,0.81778533,0.213511366,5.171600241,3.996148425,0.08090488946347742
0.505852693,0.840703028,0.732801545,7.288958466,5.827309683,1.272389144649683
0.542237205,0.59034769,0.508360547,5.407895596,4.341824962,0.24286381352108025
0.297548451,0.565021993,0.688885302,5.860960059,4.665042966,0.4837392272989074
0.873322916,0.636291354,0.761121537,7.376495981,6.089929477,1.359991828052064
0.160071635,0.461557474,0.00933162,1.80582173,1.488137938,-1.7304578778356459
0.246678865,0.726461715,0.991809951,7.651773675,6.04844684,1.4575497617969535
0.0991781,0.401494316,0.800070969,5.429595998,4.489043099,0.28142536238075183
0.204035635,0.555084949,0.733071296,5.865917947,4.790112466,0.5113061524289737
0.61598545,0.188024735,0.355384569,3.646217158,3.13078396,-0.6843623101082372
0.783791784,0.554226514,0.005229614,3.285283545,2.469823013,-0.95902280680937
0.76099076,0.035311355,0.745733783,5.191095755,4.23698786,0.13782222112209142
0.20248056,0.95807348,0.367940751,5.022880688,3.962457675,0.016690276785226537
0.326931616,0.14888805,0.305604215,2.616277568,2.140349328,-1.2843862254138463
0.876650762,0.996334338,0.368309531,6.593189427,5.224230079,0.880586451557759
0.448610631,0.722070938,0.88619578,7.381392606,6.215220993,1.3875806919244251
0.593044334,0.391525698,0.412621841,4.664942635,3.441406613,-0.22811506482784588
0.695618146,0.003218264,0.619589337,4.650477177,3.360911925,-0.2502013459416391
0.35549301,0.794197331,0.09299064,3.618743046,2.843569029,-0.7538672952630133
0.588202267,0.48097289,0.642325526,5.838154519,4.456488952,0.43216949420573064
0.064853594,0.579983787,0.561484588,4.655860594,3.868288158,-0.14404455396371468
0.560660094,0.603487667,0.676467937,6.218931029,4.849072752,0.6594211462401097
0.804989,0.26982072,0.82504941,6.552435262,5.185078699,0.8568519448945158
0.498255682,0.077058279,0.058550929,1.546216102,0.966451756,-1.9375049048506086
0.334238319,0.784896977,0.707680935,6.437396185,5.262293879,0.8283659010226951
0.788614965,0.517269056,0.440198998,5.36344973,4.401228896,0.2379243613104841
0.147452527,0.328192754,0.434019366,3.43405424,2.813802928,-0.8311361730319885
0.08860043,0.220611953,0.598225294,3.639382432,2.990982342,-0.7156745297909215
0.735663114,0.998347511,0.933113331,9.045896918,7.328696426,2.2573500451955137
0.6425652,0.421248053,0.636177365,5.688400829,4.563479079,0.39641550880258647
0.785651618,0.118336191,0.40990489,4.164605023,3.161200498,-0.47838195790719684
0.839802286,0.383832952,0.571872271,5.746120096,4.370089057,0.37898362173226546
0.587769361,0.184476253,0.362235442,3.406596532,2.851043168,-0.8340765259988117
0.334511289,0.026196709,0.024191764,0.917175151,0.393586597,-2.2973983544027248
0.831697044,0.27307081,0.518078766,4.91826995,3.9395492,-0.028316845692604255
0.298725574,0.940679245,0.259296759,4.824241782,3.788146124,-0.09560559875824631
0.429656813,0.87273025,0.841933567,7.640059746,6.257377795,1.495896075869653
0.186101418,0.80264331,0.458186887,5.06170358,4.120771033,0.06412537507752705
0.482968872,0.133479972,0.080601514,1.901964895,1.240002989,-1.7443149028575813
0.727939307,0.496461152,0.436850703,5.000799227,3.981965339,0.01218381540057701
0.729508229,0.765512899,0.158908168,4.410384174,3.663545262,-0.28063010313141534
0.610225149,0.135354082,0.751375086,5.325028043,4.25131654,0.19236722248744084
0.656955156,0.956614621,0.068958016,4.632382143,3.594888942,-0.20917582767247744
0.057054721,0.282187075,0.261705684,2.117264478,1.789789124,-1.5485751113549007
0.246978799,0.906254581,0.2495462,4.177236779,3.703906249,-0.3621848470874367
0.271949726,0.759398262,0.449739842,5.025677566,4.053610358,0.03646688847113602
0.776710557,0.065366158,0.487571194,4.242549635,3.26995688,-0.42603886929266005
0.0336136,0.062653203,0.906437453,4.907400252,4.049796881,-0.009888998213113561
0.139245371,0.532420682,0.411095603,3.884914666,3.041933909,-0.6106160279443016
0.347343326,0.899833346,0.021823397,3.462161013,2.672707668,-0.8492504115830335
0.663789686,0.963394434,0.560168183,7.133993666,5.723202315,1.1913229938590777
0.936822462,0.052257879,0.418793319,3.937410987,3.143187361,-0.5696175967271215
0.260157791,0.730820965,0.98129709,7.580411852,6.110653708,1.442814275307596
0.256530062,0.654174601,0.198097633,3.485114482,2.734506491,-0.8277288486606059
0.565330255,0.463932487,0.97200533,7.427406489,5.869867903,1.334465081193891
0.608527273,0.349506372,0.114095785,2.785071917,2.40279379,-1.1655103266187905
0.151246829,0.22531693,0.250966661,2.236721855,1.874242059,-1.4852222594969828
0.850616058,0.561222788,0.523390911,5.753022302,4.858767054,0.48188988859479753
0.114768872,0.860139693,0.722814303,6.358203499,5.072137048,0.7588435331188828
0.067668362,0.707835097,0.543538217,5.021883973,3.930127782,0.009674118977387066
0.081725346,0.458300642,0.484696287,3.863604648,2.923216905,-0.6431804720736791
0.16577454,0.945698147,0.849975371,7.424418801,5.931870582,1.3460330398913807
0.669022337,0.462295561,0.411765542,4.828446316,3.902004893,-0.07062870426482126
0.650973467,0.545431869,0.062273106,3.215353152,2.640826949,-0.9508882580879223
0.512502649,0.806403617,0.459239878,5.757461914,4.5995712,0.4304294214394935
0.051956578,0.786278199,0.201363782,3.373293407,2.846855465,-0.8477676589650043
0.258620835,0.164706353,0.330215065,2.641774926,2.051668841,-1.2927536029354392
0.756751506,0.51938586,0.204881274,4.157088578,3.273592892,-0.4582221002560205
0.877830078,0.879581855,0.870578425,8.762995142,7.074601283,2.0962200247699716
0.238796211,0.451239344,0.984989656,6.697605609,5.264662623,0.9291134741041356
0.772012476,0.027167421,0.065204591,1.973971813,1.516720401,-1.6598043681935455
0.463931377,0.909220206,0.538701798,6.42049334,5.216998259,0.8125611579647218
0.497812508,0.1054737,0.656780105,4.390952512,3.596013402,-0.3019707414910304
0.822103161,0.380420008,0.775611851,6.779433005,5.356722225,0.979527487856138
0.964476654,0.203766459,0.523329631,5.123275367,4.330915098,0.13095836525823223
0.287137958,0.792854419,0.577593366,5.883354996,4.712782169,0.5021614093362168
0.634582418,0.79791416,0.395970473,5.76248437,4.569871621,0.42627209790171444
0.915090068,0.533028867,0.157954823,4.081873483,3.263220854,-0.4893310386180415
0.695899118,0.79326135,0.316761677,5.284446573,4.312173878,0.18921491543417968
0.857179257,0.906143255,0.276904487,5.788455846,4.704772134,0.46395251881715005
0.983521473,0.140711528,0.202015668,3.320880519,2.654607937,-0.907400348830834
0.184224839,0.89398971,0.654292552,6.495375228,5.026512211,0.8023379415083141
0.152104283,0.440323418,0.615298025,4.615991738,3.810793248,-0.171200908867558
0.083464085,0.882416368,0.803603535,6.776640274,5.691870784,1.0472033560613028
0.505206774,0.967126615,0.417760979,6.021037192,4.891534192,0.5918808835306816
0.984110319,0.667919999,0.634671273,7.025122048,5.780849287,1.1611991453966937
0.165954895,0.881927758,0.427489688,5.075573434,4.140009293,0.07341609927052775
0.162233406,0.01260752,0.559755684,3.192813116,2.588881667,-0.9702291779933909
0.527399622,0.719353622,0.890258053,7.630864336,6.178442485,1.4761602929923163
0.079406585,0.73149649,0.187411944,3.281023675,2.602407806,-0.9334659113008407
0.858177053,0.819063514,0.540793755,6.824580212,5.529951485,1.0324592454080923
0.710242799,0.314350113,0.471167899,4.567928401,3.63674141,-0.22542502707192336
0.821636898,0.459265197,0.357798265,4.842220035,3.748523373,-0.09680653287671484
0.494212447,0.828249252,0.335208047,5.324706196,4.171706822,0.17591217722782976
0.173761593,0.71201402,0.825978213,6.615296474,5.374314719,0.9198927160582063
0.100637479,0.239874113,0.14197199,1.653283656,1.199606212,-1.8484215562787607
0.347941412,0.450350979,0.748826337,5.86033972,4.74849349,0.5006191355159759
0.651147585,0.620928567,0.352374947,4.800022556,3.99574321,-0.06235134606963955
0.841447553,0.471287167,0.979104938,8.162532764,6.286336157,1.703151355680013
0.634142138,0.126264742,0.676177562,5.048199191,3.81782683,-0.0032235992306278195
0.325104015,0.686327197,0.069641148,3.220581052,2.46754815,-0.9844200760546801
0.174881437,0.855737259,0.227179557,3.979569137,3.26578916,-0.5282232083141593
0.837041125,0.279276088,0.64288191,5.908126258,4.536593595,0.4755629636774219
0.694150574,0.512654753,0.305310677,4.530334339,3.507793784,-0.2663625951356672
0.212644376,0.033189355,0.303946401,2.099892831,1.41697987,-1.6317462098177193
0.653162791,0.938304818,0.871204482,8.500664893,6.771489467,1.9329612312732856
0.766064777,0.788447343,0.664984903,7.197543238,5.749593226,1.2212231642264917
0.260286858,0.907195031,0.670732312,6.715873533,5.404713213,0.9648821088679571
0.560440631,0.110989469,0.447055544,3.703163376,2.836536827,-0.7227817582521768
0.460358271,0.86456361,0.54664822,6.050941502,5.206406779,0.6679959071871306
0.380400549,0.976800329,0.110720593,4.133086404,3.264319963,-0.4693726476091691
0.422548428,0.042024675,0.739904121,4.652106911,3.829617563,-0.1534237262704368
0.918076552,0.28003733,0.858341677,6.998973375,5.488142962,1.091078369552159
0.29221823,0.910770162,0.753961904,7.080897615,5.817058851,1.1901180888749583
0.804906777,0.018006556,0.962810357,6.599782085,5.111598131,0.8600215064677953
0.726670992,0.304751095,0.829394665,6.319458408,5.28341844,0.7872565984696795
0.281521198,0.87275384,0.11258039,3.758564661,3.015751762,-0.6646710941846259
0.703685977,0.540698477,0.09653447,3.330341813,2.683550996,-0.8978174631340932
0.241893828,0.012404036,0.468767965,2.940810822,2.410973124,-1.1038244564191753
0.301265261,0.598357484,0.297237808,3.874346142,3.125394768,-0.5975671485008145
0.299919112,0.743193199,0.048142836,3.112092996,2.522588855,-1.0149307799345095
0.902894995,0.852263874,0.667804683,7.615216734,6.279696103,1.4909021293131488
0.59322157,0.892302498,0.18533018,4.917948025,3.758713794,-0.06553722690993068
0.078969162,0.23951017,0.794578279,4.953532694,3.955091373,-0.011541408027642135
0.034670267,0.582806835,0.995437516,6.85330305,5.431783077,1.023388342267037
0.855696094,0.521445689,0.063640909,3.580982077,2.828505065,-0.7715072282761336
0.831373514,0.598978508,0.114932997,4.092333267,3.211466427,-0.49591760062246926
0.093857285,0.909626819,0.669200263,6.191907086,4.941631841,0.66799596455677
0.829286799,0.8789789,0.571772352,7.239927626,5.650583154,1.2172435538991349
0.517446352,0.43042741,0.316946588,4.075855963,3.255131694,-0.4933090573034321
0.434595961,0.773879656,0.601923431,6.3075091,5.082905924,0.7415195175350957
0.89252329,0.443380014,0.607089579,6.07767427,4.869329328,0.6091487172598151
0.631307553,0.591697162,0.702633773,6.58701719,5.261051674,0.8857617524865534
0.237433468,0.512363778,0.104224803,2.403768129,2.024534607,-1.3900266115768887
0.384511328,0.487667069,0.65222426,5.55038419,4.54049004,0.33852018574578246
0.950531053,0.600651067,0.743593916,7.466045227,5.881764652,1.3517935102275889
0.506266059,0.634104031,0.070932216,3.08252366,2.651572241,-0.999864697620268
0.254391581,0.361853093,0.472493355,3.840630832,3.290796539,-0.5766277370414724
0.045648746,0.140024098,0.276814308,1.867127433,1.448053445,-1.7150589735940986
0.971532691,0.331347007,0.482041058,5.317225719,4.369709705,0.21364791806053554
0.196097713,0.610780071,0.280683216,3.507004023,2.790783468,-0.8077499736055672
0.206992578,0.516572628,0.005505799,2.030129911,1.786907849,-1.5827401125380478
0.007664033,0.219068809,0.036721363,0.881288666,0.668785963,-2.254771785626815
0.108025754,0.338860649,0.80258568,5.226134941,4.195263098,0.1427638548257958
0.572048643,0.512667726,0.293488823,4.073965431,3.124696556,-0.520794795259501
0.931753719,0.397015041,0.087092767,3.594887109,2.693059778,-0.7939345311292401
0.617066516,0.113838393,0.345223143,3.467304638,2.487107676,-0.8853422551637555
0.507411939,0.874222525,0.49354658,6.056868205,4.860095907,0.5992377716929601
0.702258766,0.992816839,0.13148912,4.979196957,4.04765563,0.017335835762717952
0.274731526,0.394576076,0.421828179,3.891452937,3.181629353,-0.5794398161426999
0.411021075,0.907611003,0.714032644,7.079235443,5.762450032,1.1782752530263743
0.607905214,0.309372718,0.823790384,6.248940783,5.011218818,0.7042466789066257
0.955060511,0.821198283,0.001565105,4.455506712,3.382294955,-0.3209391977505028
0.63640137,0.051135381,0.25760722,2.523309378,2.024793981,-1.3439128004188667
0.0595247,0.603795453,0.686589913,5.495215559,4.525007839,0.3140870858863956
0.114487638,0.383838883,0.456236509,3.668942522,2.882754597,-0.7264863895103704
0.369053022,0.121025,0.41894779,3.154770681,2.69755402,-0.9625944560174963
0.751178048,0.071007665,0.080180014,2.107355744,1.600700169,-1.5911825214701925
0.354771292,0.941725712,0.668572647,6.873825888,5.560990597,1.0578014877851156
0.678669957,0.361919991,0.593660791,5.238283712,4.404484593,0.1903643397423779
0.010131184,0.636096046,0.913286948,6.644479068,5.385773925,0.933487828204552
0.612573468,0.873698593,0.723973055,7.470240558,5.987917652,1.3751861072758509
0.120558416,0.902453307,0.066443844,3.324996189,2.663921965,-0.9039038667643075
0.533967473,0.142137124,0.011706611,1.648034347,1.197528416,-1.850870411136388
0.42203426,0.295040708,0.486000494,4.057076866,3.348450887,-0.4814014792585516
0.577199887,0.043739072,0.123003295,1.947980656,1.55629106,-1.6617015832511135
0.558642396,0.343167353,0.729173488,5.765890181,4.612998914,0.43643147239623203
0.652291649,0.845604363,0.692492827,7.388537597,5.924308317,1.3306562904931343
0.429931077,0.672966622,0.275381174,4.042945151,3.592673842,-0.4367470106921505
0.306313499,0.78898516,0.446419516,5.201770629,4.255742175,0.14578260731754555
0.798380341,0.822422374,0.857562338,8.291557425,6.715041081,1.8408099959518118
0.916635236,0.430985221,0.318866818,4.76378652,3.575992096,-0.16242070034548406
0.582198747,0.371172423,0.601074167,5.330290016,3.942452832,0.13103482145027334
0.705585863,0.688405018,0.374552887,5.278388626,4.316440461,0.18775596080519202
0.166860202,0.430529338,0.142594144,2.267061753,1.887507802,-1.4708106343011509
0.890097035,0.345877461,0.154459747,3.579058652,2.766199926,-0.7850295409474233
0.02544776,0.645822386,0.636902317,5.083210043,4.224689896,0.09372984031401146
0.340604167,0.071711889,0.409628895,3.028686844,2.322661179,-1.0880810226613686
0.311217495,0.67712064,0.605779249,5.645772437,4.695522865,0.40707759471280247
0.364593728,0.217892554,0.988035966,6.032346128,5.052376929,0.629233415008121
0.454001621,0.688274236,0.140552968,3.638108582,2.889207563,-0.7370433044077989
0.4855897,0.02753672,0.505455118,3.477210766,2.918063445,-0.7931196057061294
0.964017407,0.384206713,0.038996013,3.112507435,2.540813836,-1.0110324429871118
0.030955791,0.38798676,0.160024936,1.90225388,1.709154,-1.647962525794993
0.023352096,0.756213614,0.458523009,4.618900926,3.711913144,-0.19036410148133526
0.289244772,0.900083183,0.11613896,3.992297977,3.083648268,-0.5606827869699516
0.955918829,0.313966717,0.888403672,7.327074619,5.780826549,1.2775402425120068
0.602942876,0.82670736,0.984013163,8.545423309,6.908518231,1.9783170605899354
0.288405438,0.961135485,0.389481895,5.453217226,4.441357153,0.2807446574128043
0.385511905,0.340387104,0.541407607,4.453314128,3.568001472,-0.2836884320923781
0.154145043,0.553711485,0.541704812,4.608488568,3.598679549,-0.21760469382072517
0.761901813,0.833649962,0.44044135,6.111523996,4.945465637,0.6378099052136433
0.302333249,0.259334897,0.194623837,2.180607494,1.959714311,-1.4893100947784321
0.057647582,0.342447979,0.270247692,2.454885191,1.993844481,-1.376626358429593
0.966417386,0.557708826,0.347277039,5.358151795,4.20836796,0.1963197652431337
0.580467601,0.139196701,0.444043749,3.789081685,3.093505802,-0.636962175002533
0.626234321,0.488897832,0.401778801,4.686459449,3.697513942,-0.16728686737277132
0.993848389,0.880314762,0.623405958,7.651096249,6.030903,1.4536898213442146
0.569377361,0.62066048,0.201312108,4.06812132,3.194902561,-0.508644629227463
0.395137743,0.039459533,0.475546037,3.154671081,2.545122202,-0.9939024978039481
0.543024584,0.227749736,0.964028847,6.667045403,5.143401973,0.892463027049219
0.909454611,0.722143235,0.533386629,6.55205037,5.285548675,0.8773139217544004
0.86996916,0.130652344,0.790509794,6.009200798,4.842774341,0.5773176538556662
0.124820814,0.794210663,0.275767568,3.864432938,3.274899294,-0.5707176549037674
0.877090581,0.944042094,0.148795969,5.280147076,4.301623091,0.18539389560099587
0.462675605,0.980987378,0.483407436,6.38288177,5.261452367,0.8071882499208951
0.863547523,0.588731522,0.375329908,5.42150196,4.234181835,0.22602472941027452
0.285783556,0.203223091,0.761798191,5.088069552,4.01176069,0.051922244211181405
0.386540507,0.511275462,0.49232548,4.820749055,3.776379999,-0.09936507378580764
0.577279029,0.865577146,0.980739344,8.54461923,6.86818281,1.9697328840292216
0.407584209,0.827518922,0.764527795,7.087285234,5.679794031,1.1644209846197326
0.573528951,0.956047144,0.200474516,4.939551998,4.004433491,-0.006806351410607452
0.10926421,0.853961967,0.439149817,5.109220895,4.091348079,0.07639855075880152
0.846968854,0.893090205,0.062457594,4.565817427,3.987916747,-0.15419875775484548
0.883464763,0.448319055,0.510432489,5.753418906,4.416120395,0.3912387450524022
0.626592511,0.926382607,0.019116094,4.217208702,3.290647131,-0.43155864797062593
0.476843468,0.687722042,0.722706958,6.813349873,5.319085838,0.9848753635904366
0.692532432,0.134435129,0.299395588,3.244379534,2.612048709,-0.9456075935110402
0.358715525,0.804437208,0.278759872,4.595774252,3.690560878,-0.2036552481944653
0.210704964,0.957448019,0.008863285,3.566235594,2.873540213,-0.7679507643249801
0.997820856,0.676821299,0.828469299,8.106687937,6.260022521,1.6762357633272071
0.294619396,0.014315278,0.737869519,4.168028194,3.190502376,-0.47105202204814567
0.834144597,0.740476132,0.142850287,4.415968023,3.624220557,-0.28654560137985147
0.753427922,0.768922782,0.658540516,7.177597972,5.79634092,1.2231277873879707
0.766115933,0.84592144,0.613604114,6.949701735,5.561829152,1.0872093351155547
0.088604714,0.48762781,0.077649335,1.991107625,1.3618107,-1.6849797193066363
0.407543031,0.407106489,0.066009844,2.410186069,1.950238087,-1.4027947976893544
0.348820534,0.110998099,0.80823521,5.090328968,4.05803261,0.0622849843576707
0.947688026,0.072316475,0.955115207,6.930446001,5.313763216,1.028901958408695
0.522576599,0.299565678,0.076862075,2.350389594,1.741673435,-1.468619741227575
0.500624268,0.794515544,0.707086477,7.048114137,5.4685968,1.106003190093361
0.050226011,0.072901835,0.402873283,2.238292304,1.880140268,-1.4834071967085047
0.295290494,0.232384323,0.281004499,2.625056938,2.085283017,-1.2922996656278434
0.803482743,0.929228054,0.405102695,6.342897176,5.198111419,0.7787880512212417
0.906111002,0.321495701,0.476436986,5.241913221,3.783191035,0.06431147891037661
0.226028998,0.640476042,0.978981115,7.358431557,5.770472876,1.2874984885324035
0.603493096,0.357814084,0.647817446,5.564638206,4.278439242,0.29025566063410235
0.122920678,0.88865908,0.503083951,5.545587718,4.392730454,0.30636084132362795
0.449349742,0.585864788,0.624783863,5.662409077,4.58401726,0.3906137667162777
0.071775806,0.682617221,0.24193168,3.567784089,2.861717862,-0.7697793332797704
0.713952633,0.822534794,0.803958508,8.067626048,6.157166288,1.640084979223045
0.552500967,0.520169892,0.142875961,3.453453618,2.705229175,-0.8459340503357707
0.77534615,0.27140938,0.496695423,5.026577447,3.88415801,0.002052388713137218
0.284274093,0.133828363,0.629557697,3.952159439,3.464877578,-0.4979437378724234
0.054332035,0.748645234,0.317586795,3.890088935,3.175281721,-0.5812675266022449
0.000134693,0.511129139,0.046851909,1.694386,1.497878382,-1.7713971906383668
0.276169558,0.706976487,0.062689622,3.058864618,2.252067763,-1.090934624432352
0.839338492,0.003819923,0.246823869,2.819242025,2.016657402,-1.2315557113057207
0.740904056,0.31627015,0.101892388,3.015830017,2.394078448,-1.0783844587819782
0.360233919,0.270393286,0.842711902,5.882260822,4.586625673,0.4758602322311458
0.313347918,0.788932472,0.891872145,7.522374265,6.127692904,1.4239471311131782
0.43381742,0.909943144,0.377318054,5.512429643,4.297515916,0.2740524713014043
0.964078416,0.089289525,0.687019267,5.532334405,4.469408716,0.31698386789303806
0.49381404,0.387648805,0.632711879,5.229448794,4.427572373,0.19169634244670714
0.703857092,0.00436327,0.166953089,2.380531326,1.776476727,-1.4498662868731307
0.713046051,0.666385414,0.966047505,8.333420768,6.627380781,1.8389578985146595
0.76103779,0.950772708,0.702540502,7.883194259,6.329506069,1.6043748706461096
0.298052209,0.105364922,0.781823863,4.779527546,3.680697926,-0.1348762862044268
0.644149221,0.048186012,0.360050466,3.030528022,2.66244802,-1.0176681654554034
0.956799815,0.500401146,0.432729136,5.471363506,4.356033368,0.27023341536899836
0.457699605,0.208882724,0.368707171,3.576725145,2.734033227,-0.7925273025195884
0.369813256,0.05235502,0.767567629,4.606484158,3.599574518,-0.21819342302616843
0.416504432,0.822179887,0.850348001,7.570236512,5.963652403,1.4087379446158188
0.211994055,0.657353482,0.472281804,4.858201974,3.994010744,-0.04028955010465369
0.880156738,0.215740679,0.6778132,5.671109248,4.536109377,0.3841382808304645
0.607752122,0.295301478,0.136600904,2.802884243,2.34161304,-1.1711975741582141
0.65163976,0.738597458,0.315627344,5.191000168,4.078639595,0.10530203335215842
0.644832604,0.395130908,0.713206883,6.042342279,4.623713931,0.5451496761786754
0.199215275,0.890215003,0.287409596,4.792963846,3.763205565,-0.11277361723041004
0.367785988,0.058091952,0.111512212,1.300548967,1.083968479,-2.008056019817923
0.515861903,0.267592677,0.835480226,6.117775817,4.85456433,0.6215714271641166
0.014693389,0.379094049,0.337345547,2.836116483,2.321678478,-1.1624821640390428
0.019327631,0.124368399,0.413642675,2.557165849,1.840171321,-1.3687407690944378
0.492864584,0.404289747,0.530937678,4.897417518,3.890201435,-0.04647466131640612
0.595131675,0.009923821,0.464095159,3.467194991,2.993510017,-0.781501786188711
0.963499241,0.51903228,0.677542267,6.894706299,5.502297277,1.0538066764613945
0.311863858,0.773991378,0.772921482,6.624519115,5.488708384,0.9469128721496811
0.521296048,0.976013823,0.125550215,4.658709389,3.831713829,-0.15044969108748105
0.016947665,0.770158212,0.807155537,6.409963498,5.200506023,0.805120694191443
0.120207229,0.265582833,0.017552363,1.188790791,0.935430803,-2.081588542290717
0.293308611,0.773141874,0.517960528,5.601657314,4.335497195,0.3162243384156045
0.348095593,0.371739295,0.001353626,1.854939184,1.480290932,-1.7131420884952533
0.299800528,0.646458742,0.974194444,7.424758441,6.066169762,1.373713866059373
0.847060827,0.023594965,0.898560605,6.169602738,4.840214856,0.6385972971475925
0.783198413,0.780376124,0.457995759,6.126281916,5.100170547,0.6752322636295185
0.398005293,0.302915729,0.065694859,2.151905529,1.607906095,-1.5725387680906022
0.228235363,0.246603635,0.48407707,3.760300521,2.80639346,-0.7069497371920503
0.747444407,0.473809828,0.057844449,3.181729502,2.636832186,-0.9646633135233933
0.957789801,0.942724319,0.785189543,8.67430055,6.905574248,2.0273710032146735
0.991327902,0.544482333,0.96276835,8.339483115,6.775222574,1.8716218628158479
0.075605041,0.365680748,0.225381268,2.492434351,1.89995864,-1.3814178590471828
0.195833084,0.140802949,0.622413642,3.992684905,3.12942895,-0.5511423096811502
0.781321856,0.578298399,0.14696271,4.226474201,3.254935641,-0.4353143543572054
0.81112377,0.635954707,0.388165706,5.383107884,4.388324953,0.24285177366494903
0.674130296,0.259904979,0.345192208,3.816135781,2.842173547,-0.6780958956745002
0.917485843,0.290504506,0.469988268,5.079571136,3.870318727,0.0196324876015877
0.890141137,0.70772135,0.062203226,4.27911141,3.446268985,-0.3757827655735625
0.147303044,0.007841591,0.63092179,3.451173048,2.751032045,-0.8374168387626882
0.447673425,0.134274851,0.957934121,6.0005459,4.786560619,0.5624512133954207
0.529659724,0.241893294,0.500603571,4.376157939,3.265779704,-0.37541496986588596
0.679620333,0.076239218,0.274703815,3.033590931,2.200870172,-1.1111754708159356
0.806965491,0.45966487,0.546577142,5.634183893,4.343739116,0.33044793637604125
0.432816002,0.043899943,0.16574978,1.961625012,1.411844907,-1.6860757534709925
0.445541639,0.209185465,0.049979029,1.885554688,1.331348478,-1.731899447609856
0.843649664,0.981192529,0.793142874,8.610020935,6.794368526,1.9797907390197134
0.853784922,0.24197713,0.960626976,7.244595898,5.721315768,1.2335522886076205
0.196925704,0.95142981,0.994819294,8.277643087,6.689637322,1.8302373491262078
0.711722806,0.981143732,0.56953978,7.128405398,6.00792245,1.247576888574494
0.259541783,0.436995886,0.593560935,4.800879048,3.704857788,-0.12169318687308553
0.073081562,0.622343265,0.981177837,6.703843747,5.706129956,1.0220791338357258
0.19010765,0.792595116,0.907898794,7.385140182,5.995554597,1.3439625969949138
0.943701593,0.960135604,0.521459639,7.21895887,5.823820681,1.2447017744477271
0.977307908,0.757310207,0.161671436,5.185245601,4.02624672,0.09233692701062342
0.476900106,0.718331175,0.247340316,4.312483309,3.454776036,-0.3611790677749674
0.640615184,0.666600479,0.162699744,4.073363825,3.296791806,-0.4857232052730315
0.565085312,0.771626911,0.498895665,5.87675629,4.923191006,0.5427818478277191
0.012103117,0.009038469,0.357029344,1.807664473,1.529428847,-1.7212774846517873
0.926194068,0.22867678,0.634363689,5.852090055,4.549298644,0.45657787423696466
0.222075871,0.32166999,0.84804209,5.400591293,4.486426207,0.2697126936770916
0.728861442,0.095399277,0.428702021,4.01512736,2.898192774,-0.5899304646133428
0.029169764,0.480890147,0.662434012,4.846982374,3.874869238,-0.0690531231464563
0.118502624,0.288884939,0.397836626,2.972141027,2.6119736,-1.0505195958536742
0.919531025,0.993255015,0.044911299,4.935852351,3.889362486,-0.03183738371322809
0.761007923,0.371724066,0.392458186,4.76711828,3.535145859,-0.16951607920678924
0.754264973,0.918426432,0.950928595,8.923901528,7.243804692,2.19292925339254
0.577122586,0.357121159,0.787549086,6.048019028,4.810217642,0.5855961207274468
0.251001383,0.564074029,0.358578462,4.100848615,3.141748648,-0.5069383545958231
0.656631074,0.240398913,0.191592946,3.026278902,2.309955818,-1.091615191335277
0.918239087,0.101803683,0.505957908,4.577886203,3.519137728,-0.24571323892898375
0.220852783,0.038929963,0.036018818,0.760252045,0.475267171,-2.341106766137394
0.175221772,0.866770355,0.282478744,4.260573059,3.630016312,-0.3452321156278374
0.950459171,0.581622293,0.43661419,5.938938309,4.495464269,0.47899798113072783
0.580088835,0.516698385,0.758776254,6.61029119,5.037197017,0.8488082365066191
0.282496066,0.353050392,0.894094303,6.147815439,4.81974479,0.6260032002227877
0.946456513,0.892558227,0.419447994,6.703993785,5.402067865,0.9597620435364278
0.780365503,0.476335733,0.497539852,5.653556279,4.331854816,0.3354744073063984
0.204680109,0.591130303,0.186135898,3.113399249,2.482931405,-1.0225627434732711
0.331564699,0.855030202,0.207075809,4.145411637,3.467661669,-0.4229103421396377
0.071158285,0.069007593,0.940784521,5.098209342,3.867823748,0.026302183714510246
0.506920438,0.409412072,0.810878581,6.505074701,5.076895726,0.816410867525721
0.835825928,0.332191033,0.693618057,6.034839293,4.897032208,0.5983268459489055
0.771122816,0.654650687,0.151595075,4.22802679,3.358760393,-0.4134176496383952
0.875883084,0.539094553,0.282472426,4.823056561,3.892043164,-0.0747489743200424
0.425228185,0.03757109,0.127866801,1.597113163,1.130487599,-1.884243588723478
0.765546751,1.16e-05,0.416565828,3.51572719,2.927403426,-0.7763627977086548
0.522510181,0.05463442,0.973078163,6.186500223,4.82811334,0.6426256011529091
0.226125331,0.30419872,0.303942512,3.116563455,2.281799586,-1.0626034584967283
0.230416662,0.001473822,0.729344794,4.131591907,3.264701361,-0.46987025481994393
0.9668455,0.224293483,0.663047192,5.831400579,4.652464249,0.46976924165850026
0.741896327,0.848425379,0.422629197,5.987318724,5.046453016,0.6106686200713859
0.302930906,0.325295134,0.712621333,5.170651477,4.010451613,0.08347345727064809
0.816779467,0.181613968,0.370941008,4.143493611,3.086716228,-0.5017960313955647
0.901940197,0.80669352,0.984858403,9.195769741,7.412707995,2.332331773251204
0.75424826,0.393195201,0.590637834,5.641030908,4.417358235,0.34818829943385754
0.661014254,0.078455816,0.544496959,4.220953588,3.455702066,-0.39625654621431633
0.709320828,0.167321304,0.780631717,5.714547793,4.774754971,0.4498310930961358
0.583772781,0.952221786,0.042422298,4.319797542,3.385723325,-0.3725261938414311
0.265326138,0.601553879,0.296559912,3.909490636,3.156249786,-0.5776960168109333
0.714424164,0.759005283,0.102515964,4.063871017,3.263844081,-0.49613974564422914
0.513854464,0.508890556,0.36928077,4.559768344,3.595604496,-0.23700796289152393
0.932924863,0.82750632,0.697209382,7.891822716,6.27693302,1.59691474645796
0.714326636,0.461716144,0.920994521,7.558733773,5.957062226,1.4029539080546718
0.694595427,0.728981062,0.861690904,7.750375784,6.246552203,1.536181352755139
0.274071589,0.807070904,0.195240603,3.80897649,3.043638714,-0.6395261497871625
0.345341952,0.335610454,0.978525468,6.575245678,5.321466144,0.8936194007173084
0.856537224,0.701169862,0.727056762,7.502146283,5.739617221,1.336543718894634
0.562072794,0.947090667,0.496258753,6.626347437,5.164135822,0.8810349524439055
0.38051771,0.163035337,0.786205652,5.251777583,4.217305703,0.15716604788288058
0.734443932,0.384355039,0.025193414,2.723651922,2.182516924,-1.2343634592251718
0.838997328,0.011417983,0.70369978,5.128110583,4.296674333,0.12579732303158786
0.97025711,0.437661328,0.234973405,4.551365286,3.59194352,-0.24099676461060526
0.70487101,0.817128142,0.546430316,6.496807484,5.220458296,0.8426756535226332
0.967035275,0.051668722,0.504795598,4.775901562,3.601638448,-0.1524915775307601
0.718453947,0.862640471,0.179255612,4.892668903,3.946567476,-0.03674150041372857
0.800003482,0.552707076,0.396553682,5.399954808,4.009769964,0.17168680738492623
0.131715029,0.865295759,0.157273208,3.713576504,2.895864881,-0.7065989817522751
0.309787859,0.290045532,0.871414034,5.833082936,4.619375665,0.4636297238933304
